REGION,OZONE
Midwest,25.95509285714286
Northeast,23.800857142857144
South,29.876988888888885
West,29.048290598290595
