REGION,OZONE
Midwest,30.43942857142857
Northeast,25.052507936507936
South,29.688522222222225
West,29.09745726495727
