REGION,OZONE
Midwest,26.122216666666667
Northeast,28.82042857142857
South,25.256596666666667
West,23.627959401709404
