REGION,OZONE
Midwest,30.01402380952381
Northeast,30.31033333333333
South,28.959716666666665
West,29.616816239316236
