REGION,OZONE
Midwest,33.687797619047615
Northeast,34.0745873015873
South,33.49197222222222
West,32.14373931623932
